<?xml version="1.0" encoding="utf-8"?>
<ModMetaData>
  <name>[YMD]NO Psybond for Asexual</name>
  <author>ANeM0S_mt</author>
    <url></url>
    <supportedVersions>
      <li>1.6</li>
      <li>1.5</li>
      <li>1.4</li>
    </supportedVersions>
  <packageId>ymd.nopsybondforace</packageId>
    <description>
(jp)
【要DLC:Biotech】

Biotech環境で精神的絆からの"無性愛者に向けたロマンス交流"の発生を完全無効化します。

(eng)
【Required DLC:Biotech】

DLC Biotech completely disables the occurrence of “Romance against asexuals” from psychic bonds.
  </description>
  <modDependencies>
    <li>
      <packageId>brrainz.harmony</packageId>
      <displayName>Harmony</displayName>
      <steamWorkshopUrl>steam://url/CommunityFilePage/2009463077</steamWorkshopUrl>
      <downloadUrl>https://github.com/pardeike/HarmonyRimWorld/releases/latest</downloadUrl>
    </li>
  </modDependencies>
  <loadAfter>
    <li>brrainz.harmony</li>
  </loadAfter>
</ModMetaData>